id;description;amount;timestamp;merchant;operation_type;side
1;"Card expense at EDF";-952,40;"2023-11-28 06:35:12";"EDF";"refund";"debit"
3;"Receipt from Darty";184,91;"2023-11-03 11:49:37";"Darty";"refund";"credit"
78;"Purchase at Deliveroo";2572,99;"2023-11-27 00:30:36";"Deliveroo";"payment";"credit"
92;"Outgoing transfer";-406,69;"2023-11-03 23:08:08";"SNCF";"payment";"debit"
138;"Invoice from Air France";53,40;"2023-11-02 11:15:59";"Air France";"payment";"credit"
145;"Direct debit";-1381,36;"2023-11-18 22:40:20";"Franprix";"direct_debit";"debit"
149;"Online payment";-469,59;"2023-11-11 01:39:02";"Bouygues";"transfer";"debit"
150;"Refund from SFR";-1321,82;"2023-11-27 17:29:29";"SFR";"direct_debit";"debit"
170;"Invoice from Franprix";-1388,92;"2023-11-17 07:19:15";"Franprix";"direct_debit";"debit"
179;"Outgoing transfer";2123,41;"2023-11-28 22:01:50";"EDF";"payment";"credit"
180;"Subscription to La Poste";-787,88;"2023-11-03 22:53:50";"La Poste";"payment";"debit"
203;"Purchase at Carrefour";3113,00;"2023-11-09 23:37:34";"Carrefour";"payment";"credit"
233;"Purchase at Leclerc";-1885,42;"2023-11-10 15:04:48";"Leclerc";"transfer";"debit"
234;"Subscription to Carrefour";-990,71;"2023-11-19 14:14:24";"Carrefour";"payment";"debit"
245;"Purchase at SFR";-986,42;"2023-11-13 14:03:39";"SFR";"transfer";"debit"
275;"Purchase at La Poste";966,98;"2023-11-19 04:42:02";"La Poste";"refund";"credit"
302;"Online payment";951,28;"2023-11-05 15:29:48";"Air France";"payment";"credit"
337;"Refund from Auchan";1413,36;"2023-11-05 21:17:30";"Auchan";"refund";"credit"
387;"Purchase at Systeme U";-1825,32;"2023-11-15 23:20:23";"Systeme U";"payment";"debit"
392;"Outgoing transfer";-77,23;"2023-11-19 02:06:21";"SFR";"payment";"debit"
394;"Purchase at Intermarche";-1519,89;"2023-11-07 00:07:37";"Intermarche";"payment";"debit"
396;"Outgoing transfer";103,27;"2023-11-05 14:59:50";"Fnac";"refund";"credit"
447;"Incoming transfer";-1242,87;"2023-11-06 03:08:22";"Systeme U";"direct_debit";"debit"
468;"Incoming transfer";-297,98;"2023-11-07 23:31:46";"TotalEnergies";"payment";"debit"
470;"Incoming transfer";1125,49;"2023-11-13 13:45:55";"Lidl";"payment";"credit"
493;"Online payment";2925,78;"2023-11-18 22:58:40";"Monoprix";"transfer";"credit"
497;"Refund from Leclerc";-1174,55;"2023-11-13 03:24:45";"Leclerc";"refund";"debit"
504;"Direct debit";418,83;"2023-11-09 02:43:45";"Franprix";"refund";"credit"
507;"Incoming transfer";1134,26;"2023-11-30 05:05:15";"Deliveroo";"transfer";"credit"
519;"Subscription to Auchan";476,28;"2023-11-05 09:29:31";"Auchan";"transfer";"credit"
549;"Refund from Franprix";-1304,48;"2023-11-09 09:05:31";"Franprix";"transfer";"debit"
570;"Outgoing transfer";-1520,07;"2023-11-28 10:59:58";"La Poste";"direct_debit";"debit"
581;"Refund from SNCF";3174,64;"2023-11-15 10:08:55";"SNCF";"refund";"credit"
587;"Card expense at Air France";-419,61;"2023-11-14 12:34:26";"Air France";"direct_debit";"debit"
601;"Receipt from Orange";-1223,83;"2023-11-27 09:49:13";"Orange";"refund";"debit"
612;"Incoming transfer";-752,97;"2023-11-24 06:03:01";"EDF";"direct_debit";"debit"
626;"Outgoing transfer";-287,63;"2023-11-05 22:12:09";"Intermarche";"refund";"debit"
647;"Receipt from TotalEnergies";-169,70;"2023-11-05 01:23:29";"TotalEnergies";"refund";"debit"
650;"Outgoing transfer";4514,57;"2023-11-10 10:19:42";"Deliveroo";"direct_debit";"credit"
653;"Card expense at Lidl";-869,19;"2023-11-29 01:52:42";"Lidl";"refund";"debit"
709;"Outgoing transfer";-420,10;"2023-11-29 13:02:07";"EDF";"payment";"debit"
721;"Direct debit";-1498,99;"2023-11-11 16:49:24";"Bouygues";"transfer";"debit"
729;"Outgoing transfer";-1455,06;"2023-11-22 00:14:25";"Carrefour";"payment";"debit"
735;"Outgoing transfer";4404,17;"2023-11-10 20:07:28";"Veolia";"refund";"credit"
755;"Receipt from La Poste";4714,18;"2023-11-26 11:47:25";"La Poste";"refund";"credit"
756;"Refund from Darty";-1462,98;"2023-11-20 16:10:41";"Darty";"payment";"debit"
766;"Refund from Bouygues";3026,42;"2023-11-10 07:50:49";"Bouygues";"refund";"credit"
811;"Receipt from Leclerc";-878,69;"2023-11-29 03:25:01";"Leclerc";"refund";"debit"
848;"Direct debit";-509,36;"2023-11-16 16:27:09";"Systeme U";"transfer";"debit"
874;"Purchase at Systeme U";2361,58;"2023-11-27 14:46:37";"Systeme U";"refund";"credit"
876;"Direct debit";-230,33;"2023-11-30 12:04:53";"SNCF";"direct_debit";"debit"
877;"Refund from Air France";-683,75;"2023-11-12 22:30:19";"Air France";"transfer";"debit"
880;"Receipt from Monoprix";3842,13;"2023-11-01 06:14:51";"Monoprix";"transfer";"credit"
886;"Online payment";1607,69;"2023-11-19 04:29:27";"Veolia";"direct_debit";"credit"
890;"Receipt from Deliveroo";-1252,75;"2023-11-25 19:37:17";"Deliveroo";"direct_debit";"debit"
914;"Outgoing transfer";-398,23;"2023-11-04 20:28:00";"Orange";"direct_debit";"debit"
932;"Invoice from SFR";4396,38;"2023-11-22 04:10:26";"SFR";"payment";"credit"
935;"Online payment";-744,15;"2023-11-17 02:20:03";"Systeme U";"payment";"debit"
936;"Card expense at Air France";-1626,84;"2023-11-12 11:00:59";"Air France";"transfer";"debit"
957;"Incoming transfer";-1726,81;"2023-11-13 19:13:13";"Fnac";"direct_debit";"debit"
973;"Purchase at Systeme U";-51,61;"2023-11-23 06:24:46";"Systeme U";"payment";"debit"
1015;"Refund from Deliveroo";-1697,16;"2023-11-05 04:41:47";"Deliveroo";"transfer";"debit"
1018;"Online payment";-104,73;"2023-11-30 18:35:16";"Carrefour";"transfer";"debit"
1046;"Incoming transfer";4389,54;"2023-11-16 03:32:38";"Air France";"direct_debit";"credit"
1051;"Purchase at La Poste";2932,73;"2023-11-05 19:12:02";"La Poste";"transfer";"credit"
1072;"Invoice from Veolia";2346,95;"2023-11-04 00:04:56";"Veolia";"payment";"credit"
1088;"Online payment";-426,68;"2023-11-08 20:09:58";"Auchan";"refund";"debit"
1090;"Subscription to Auchan";-1109,89;"2023-11-22 05:19:47";"Auchan";"refund";"debit"
1093;"Card expense at Veolia";-156,86;"2023-11-26 16:52:11";"Veolia";"refund";"debit"
1096;"Incoming transfer";-941,05;"2023-11-04 00:38:37";"Transilien";"direct_debit";"debit"
1110;"Card expense at Transilien";-1381,64;"2023-11-25 06:01:30";"Transilien";"transfer";"debit"
1112;"Receipt from Darty";-1684,50;"2023-11-06 18:15:21";"Darty";"refund";"debit"
1142;"Invoice from Transilien";-680,08;"2023-11-02 20:20:05";"Transilien";"payment";"debit"
1149;"Online payment";520,21;"2023-11-18 22:02:56";"La Poste";"payment";"credit"
1152;"Purchase at SNCF";4910,87;"2023-11-14 00:56:00";"SNCF";"direct_debit";"credit"
1172;"Invoice from Veolia";3992,11;"2023-11-15 20:22:05";"Veolia";"payment";"credit"
1183;"Invoice from Systeme U";-103,63;"2023-11-06 23:06:01";"Systeme U";"transfer";"debit"
1184;"Direct debit";-1346,39;"2023-11-20 06:37:58";"TotalEnergies";"refund";"debit"
1209;"Outgoing transfer";-1741,90;"2023-11-23 16:46:20";"Systeme U";"transfer";"debit"
1226;"Receipt from Bouygues";1759,10;"2023-11-11 01:19:22";"Bouygues";"refund";"credit"
1233;"Outgoing transfer";-617,97;"2023-11-02 13:42:30";"Bouygues";"direct_debit";"debit"
1247;"Subscription to Amazon.fr";4743,33;"2023-11-14 02:36:36";"Amazon.fr";"transfer";"credit"
1286;"Card expense at Systeme U";-1139,56;"2023-11-10 14:10:03";"Systeme U";"direct_debit";"debit"
1293;"Subscription to SNCF";565,66;"2023-11-20 09:27:19";"SNCF";"transfer";"credit"
1309;"Online payment";-3,16;"2023-11-26 10:51:25";"Systeme U";"refund";"debit"
1323;"Invoice from Darty";3696,19;"2023-11-25 01:53:57";"Darty";"transfer";"credit"
1333;"Purchase at Amazon.fr";-1447,78;"2023-11-24 08:28:17";"Amazon.fr";"refund";"debit"
1370;"Card expense at EDF";-732,86;"2023-11-23 18:14:01";"EDF";"transfer";"debit"
1387;"Card expense at SNCF";-1477,20;"2023-11-27 01:42:16";"SNCF";"direct_debit";"debit"
1397;"Incoming transfer";-1648,79;"2023-11-12 22:50:54";"EDF";"transfer";"debit"
1421;"Subscription to Monoprix";-1729,15;"2023-11-19 08:54:56";"Monoprix";"payment";"debit"
1450;"Receipt from RATP";2528,27;"2023-11-13 19:44:24";"RATP";"payment";"credit"
1484;"Online payment";-1063,54;"2023-11-02 23:45:06";"Veolia";"payment";"debit"
1492;"Card expense at Systeme U";-751,16;"2023-11-06 18:11:59";"Systeme U";"transfer";"debit"
1512;"Online payment";-1781,72;"2023-11-20 11:25:54";"Uber";"refund";"debit"
1518;"Online payment";-861,07;"2023-11-29 23:02:44";"Carrefour";"refund";"debit"
1521;"Purchase at SNCF";608,75;"2023-11-11 18:44:40";"SNCF";"payment";"credit"
1534;"Invoice from Darty";-114,50;"2023-11-20 14:47:37";"Darty";"transfer";"debit"
1545;"Subscription to Systeme U";2791,55;"2023-11-27 10:37:16";"Systeme U";"transfer";"credit"
1584;"Online payment";-1683,61;"2023-11-09 17:14:58";"Uber";"direct_debit";"debit"
1618;"Incoming transfer";1507,45;"2023-11-21 23:58:00";"Orange";"transfer";"credit"
1635;"Online payment";3843,29;"2023-11-17 18:20:36";"Intermarche";"payment";"credit"
1641;"Incoming transfer";-425,68;"2023-11-11 22:18:31";"Franprix";"payment";"debit"
1658;"Receipt from Lidl";4104,42;"2023-11-26 06:12:35";"Lidl";"payment";"credit"
1663;"Purchase at Monoprix";-498,34;"2023-11-09 18:54:55";"Monoprix";"transfer";"debit"
1664;"Refund from Darty";-1615,58;"2023-11-30 11:30:53";"Darty";"payment";"debit"
1665;"Invoice from Transilien";-1647,81;"2023-11-25 10:29:53";"Transilien";"refund";"debit"
1689;"Refund from EDF";-1365,98;"2023-11-08 14:03:11";"EDF";"transfer";"debit"
1699;"Refund from Transilien";-419,21;"2023-11-29 13:45:08";"Transilien";"transfer";"debit"
1701;"Outgoing transfer";-591,31;"2023-11-08 14:22:15";"Darty";"transfer";"debit"
1710;"Receipt from Lidl";2817,70;"2023-11-19 21:01:33";"Lidl";"payment";"credit"
1732;"Invoice from TotalEnergies";-1015,81;"2023-11-21 18:28:50";"TotalEnergies";"direct_debit";"debit"
1751;"Invoice from Uber";-589,38;"2023-11-20 19:35:50";"Uber";"refund";"debit"
1756;"Incoming transfer";233,27;"2023-11-18 04:26:05";"Carrefour";"transfer";"credit"
1764;"Direct debit";4692,65;"2023-11-17 01:57:09";"Transilien";"direct_debit";"credit"
1773;"Incoming transfer";-555,86;"2023-11-28 20:10:03";"La Poste";"payment";"debit"
1791;"Incoming transfer";-1707,88;"2023-11-04 17:55:12";"La Poste";"refund";"debit"
1797;"Card expense at Lidl";-1384,82;"2023-11-22 07:26:44";"Lidl";"transfer";"debit"
1828;"Purchase at Uber";2178,22;"2023-11-30 12:05:16";"Uber";"payment";"credit"
1857;"Incoming transfer";3710,88;"2023-11-29 08:40:34";"Darty";"refund";"credit"
1858;"Card expense at EDF";1504,77;"2023-11-22 22:59:34";"EDF";"transfer";"credit"
1881;"Incoming transfer";-1821,71;"2023-11-28 19:15:33";"TotalEnergies";"payment";"debit"
1887;"Invoice from Systeme U";-963,06;"2023-11-26 04:31:27";"Systeme U";"refund";"debit"
1898;"Card expense at Veolia";253,16;"2023-11-10 21:01:18";"Veolia";"refund";"credit"
1903;"Invoice from Carrefour";967,94;"2023-11-12 17:34:15";"Carrefour";"direct_debit";"credit"
1912;"Online payment";-1500,40;"2023-11-01 08:24:04";"Franprix";"refund";"debit"
1958;"Direct debit";-967,66;"2023-11-25 15:45:02";"SFR";"transfer";"debit"
1978;"Outgoing transfer";-406,31;"2023-11-30 04:52:05";"Monoprix";"payment";"debit"
1984;"Refund from Monoprix";-54,57;"2023-11-08 00:14:42";"Monoprix";"payment";"debit"
1991;"Online payment";-1927,84;"2023-11-21 14:10:38";"Intermarche";"payment";"debit"
1995;"Card expense at SFR";-943,67;"2023-11-05 00:15:13";"SFR";"payment";"debit"
1996;"Outgoing transfer";-1887,50;"2023-11-24 01:14:56";"Auchan";"direct_debit";"debit"
1997;"Online payment";-163,19;"2023-11-30 14:16:15";"Auchan";"payment";"debit"
2037;"Invoice from Franprix";-1968,77;"2023-11-28 21:35:33";"Franprix";"direct_debit";"debit"
2038;"Outgoing transfer";-254,86;"2023-11-15 21:33:31";"Monoprix";"refund";"debit"
2054;"Online payment";-97,67;"2023-11-02 12:38:21";"Bouygues";"direct_debit";"debit"
2063;"Receipt from Orange";4619,39;"2023-11-30 18:40:51";"Orange";"direct_debit";"credit"
2064;"Card expense at Deliveroo";95,15;"2023-11-17 23:55:31";"Deliveroo";"transfer";"credit"
2080;"Card expense at Air France";-1355,89;"2023-11-23 10:19:51";"Air France";"direct_debit";"debit"
2083;"Subscription to Fnac";-1659,86;"2023-11-21 05:22:44";"Fnac";"payment";"debit"
2095;"Subscription to Air France";988,99;"2023-11-18 06:03:51";"Air France";"transfer";"credit"
2102;"Invoice from SNCF";-63,07;"2023-11-30 17:24:40";"SNCF";"refund";"debit"
2110;"Online payment";1068,58;"2023-11-17 16:54:17";"La Poste";"refund";"credit"
2136;"Receipt from SFR";4538,75;"2023-11-05 09:03:45";"SFR";"direct_debit";"credit"
2149;"Card expense at SNCF";2638,16;"2023-11-17 22:23:12";"SNCF";"transfer";"credit"
2174;"Invoice from SFR";-1563,82;"2023-11-08 02:09:18";"SFR";"transfer";"debit"
2201;"Outgoing transfer";-1374,80;"2023-11-13 04:48:12";"Monoprix";"payment";"debit"
2204;"Refund from Lidl";4546,84;"2023-11-06 07:11:06";"Lidl";"payment";"credit"
2207;"Receipt from Uber";997,38;"2023-11-02 11:42:27";"Uber";"direct_debit";"credit"
2218;"Subscription to La Poste";-564,96;"2023-11-07 19:39:23";"La Poste";"direct_debit";"debit"
2234;"Online payment";-1784,96;"2023-11-20 06:05:00";"Franprix";"direct_debit";"debit"
2241;"Purchase at Orange";-1468,19;"2023-11-26 04:43:56";"Orange";"direct_debit";"debit"
2246;"Outgoing transfer";1277,37;"2023-11-01 14:23:22";"Deliveroo";"refund";"credit"
2326;"Incoming transfer";-1149,67;"2023-11-05 21:57:41";"Leclerc";"direct_debit";"debit"
2341;"Refund from Deliveroo";-873,29;"2023-11-12 22:43:49";"Deliveroo";"direct_debit";"debit"
2380;"Invoice from Transilien";-1000,59;"2023-11-30 04:39:50";"Transilien";"transfer";"debit"
2415;"Refund from Intermarche";-478,03;"2023-11-10 19:47:53";"Intermarche";"direct_debit";"debit"
2418;"Receipt from La Poste";-1815,57;"2023-11-12 22:35:06";"La Poste";"payment";"debit"
2421;"Purchase at Lidl";3724,20;"2023-11-14 17:00:03";"Lidl";"refund";"credit"
2440;"Refund from Leclerc";-86,96;"2023-11-04 11:29:25";"Leclerc";"refund";"debit"
2506;"Refund from Amazon.fr";592,77;"2023-11-20 03:31:46";"Amazon.fr";"direct_debit";"credit"
2522;"Outgoing transfer";6,25;"2023-11-10 17:59:37";"Amazon.fr";"refund";"credit"
2550;"Card expense at Leclerc";3374,97;"2023-11-28 12:57:03";"Leclerc";"direct_debit";"credit"
2580;"Subscription to Monoprix";-1948,05;"2023-11-11 18:21:43";"Monoprix";"direct_debit";"debit"
2584;"Subscription to EDF";-313,28;"2023-11-29 05:32:10";"EDF";"transfer";"debit"
2594;"Receipt from Auchan";-214,16;"2023-11-13 22:47:11";"Auchan";"transfer";"debit"
2598;"Invoice from Carrefour";2505,98;"2023-11-21 19:28:57";"Carrefour";"transfer";"credit"
2616;"Refund from Darty";323,49;"2023-11-29 02:09:27";"Darty";"transfer";"credit"
2623;"Refund from Transilien";-1555,26;"2023-11-12 12:21:09";"Transilien";"payment";"debit"
2633;"Online payment";-301,22;"2023-11-22 01:58:52";"Veolia";"transfer";"debit"
2648;"Outgoing transfer";924,95;"2023-11-13 17:47:44";"Carrefour";"transfer";"credit"
2654;"Refund from Orange";-1894,17;"2023-11-08 07:19:12";"Orange";"direct_debit";"debit"
2662;"Receipt from La Poste";-1468,70;"2023-11-18 04:51:58";"La Poste";"direct_debit";"debit"
2664;"Invoice from TotalEnergies";-298,33;"2023-11-11 01:15:31";"TotalEnergies";"direct_debit";"debit"
2673;"Subscription to Monoprix";-366,08;"2023-11-11 23:08:15";"Monoprix";"direct_debit";"debit"
2691;"Refund from Carrefour";-1310,00;"2023-11-05 00:08:06";"Carrefour";"payment";"debit"
2692;"Refund from Systeme U";-1437,64;"2023-11-13 07:06:43";"Systeme U";"refund";"debit"
2702;"Purchase at Deliveroo";1098,37;"2023-11-03 05:55:58";"Deliveroo";"direct_debit";"credit"
2723;"Receipt from Amazon.fr";-346,71;"2023-11-05 13:28:17";"Amazon.fr";"payment";"debit"
2765;"Purchase at Intermarche";-1496,85;"2023-11-08 00:21:41";"Intermarche";"direct_debit";"debit"
2781;"Refund from Air France";-1795,78;"2023-11-28 14:11:55";"Air France";"direct_debit";"debit"
2819;"Purchase at Air France";-1457,10;"2023-11-04 03:50:18";"Air France";"payment";"debit"
2823;"Online payment";-455,55;"2023-11-16 22:53:00";"Franprix";"payment";"debit"
2837;"Outgoing transfer";4758,64;"2023-11-23 17:09:56";"SNCF";"transfer";"credit"
2854;"Outgoing transfer";-770,88;"2023-11-24 08:10:43";"Monoprix";"transfer";"debit"
2855;"Receipt from Amazon.fr";-1488,57;"2023-11-22 02:11:52";"Amazon.fr";"payment";"debit"
2867;"Card expense at Fnac";-815,17;"2023-11-15 00:55:06";"Fnac";"refund";"debit"
2869;"Incoming transfer";2593,82;"2023-11-30 12:56:41";"SNCF";"direct_debit";"credit"
2905;"Receipt from La Poste";-1638,25;"2023-11-30 02:38:51";"La Poste";"payment";"debit"
2916;"Card expense at Monoprix";-1059,35;"2023-11-28 11:44:27";"Monoprix";"transfer";"debit"
2925;"Receipt from Air France";-1494,97;"2023-11-01 23:29:03";"Air France";"payment";"debit"
2943;"Receipt from Intermarche";-1425,40;"2023-11-24 15:02:25";"Intermarche";"transfer";"debit"
2991;"Card expense at EDF";-1567,72;"2023-11-22 13:33:15";"EDF";"payment";"debit"
2994;"Receipt from Carrefour";-119,98;"2023-11-29 23:58:54";"Carrefour";"direct_debit";"debit"
3026;"Receipt from Uber";-1788,43;"2023-11-08 18:51:30";"Uber";"transfer";"debit"
3031;"Invoice from Bouygues";-1513,89;"2023-11-17 08:51:21";"Bouygues";"payment";"debit"
3037;"Incoming transfer";3642,45;"2023-11-20 07:47:31";"Intermarche";"refund";"credit"
3040;"Direct debit";-1170,10;"2023-11-17 10:30:21";"Uber";"payment";"debit"
3059;"Subscription to Intermarche";639,66;"2023-11-28 04:07:26";"Intermarche";"payment";"credit"
3073;"Subscription to SNCF";-1652,65;"2023-11-02 03:00:31";"SNCF";"payment";"debit"
3080;"Purchase at Veolia";4421,31;"2023-11-27 05:02:06";"Veolia";"payment";"credit"
3081;"Invoice from TotalEnergies";1214,18;"2023-11-13 05:00:28";"TotalEnergies";"direct_debit";"credit"
3089;"Incoming transfer";-968,96;"2023-11-19 14:14:53";"Monoprix";"refund";"debit"
3118;"Subscription to Intermarche";-1468,03;"2023-11-30 19:09:02";"Intermarche";"direct_debit";"debit"
3119;"Incoming transfer";-252,12;"2023-11-27 09:54:59";"Amazon.fr";"payment";"debit"
3141;"Online payment";-26,42;"2023-11-12 08:01:02";"Uber";"transfer";"debit"
3151;"Direct debit";-587,41;"2023-11-08 12:53:56";"Fnac";"direct_debit";"debit"
3182;"Invoice from Deliveroo";-1066,11;"2023-11-21 17:33:53";"Deliveroo";"payment";"debit"
3205;"Outgoing transfer";-1295,00;"2023-11-09 19:40:50";"SNCF";"direct_debit";"debit"
3215;"Online payment";-1926,75;"2023-11-03 02:54:47";"Leclerc";"transfer";"debit"
3250;"Online payment";2239,70;"2023-11-18 11:53:46";"RATP";"refund";"credit"
3252;"Purchase at Amazon.fr";1478,19;"2023-11-13 20:11:53";"Amazon.fr";"payment";"credit"
3260;"Direct debit";3148,64;"2023-11-28 01:17:02";"Lidl";"payment";"credit"
3265;"Subscription to Deliveroo";68,04;"2023-11-17 07:54:43";"Deliveroo";"transfer";"credit"
3267;"Purchase at Air France";484,06;"2023-11-15 09:55:03";"Air France";"payment";"credit"
3275;"Direct debit";-1078,78;"2023-11-30 15:22:54";"Transilien";"payment";"debit"
3283;"Card expense at TotalEnergies";-1965,01;"2023-11-24 03:59:57";"TotalEnergies";"direct_debit";"debit"
3287;"Subscription to Air France";371,97;"2023-11-17 10:09:36";"Air France";"refund";"credit"
3299;"Receipt from EDF";4211,28;"2023-11-09 20:27:09";"EDF";"direct_debit";"credit"
3316;"Purchase at EDF";335,78;"2023-11-05 05:20:01";"EDF";"payment";"credit"
3317;"Online payment";3599,70;"2023-11-20 07:05:24";"Uber";"direct_debit";"credit"
3326;"Online payment";1600,20;"2023-11-29 05:43:42";"SNCF";"payment";"credit"
3358;"Card expense at Uber";-1497,04;"2023-11-11 23:58:11";"Uber";"refund";"debit"
3363;"Invoice from Leclerc";-895,80;"2023-11-06 16:27:00";"Leclerc";"refund";"debit"
3364;"Refund from Amazon.fr";-429,05;"2023-11-28 09:04:06";"Amazon.fr";"payment";"debit"
3385;"Refund from Lidl";-1047,40;"2023-11-23 07:43:18";"Lidl";"payment";"debit"
3395;"Invoice from SNCF";-159,25;"2023-11-21 16:24:43";"SNCF";"direct_debit";"debit"
3436;"Refund from TotalEnergies";2888,11;"2023-11-06 22:42:18";"TotalEnergies";"direct_debit";"credit"
3441;"Receipt from Franprix";-635,77;"2023-11-03 19:10:03";"Franprix";"refund";"debit"
3443;"Purchase at Orange";-1037,03;"2023-11-06 10:36:27";"Orange";"transfer";"debit"
3451;"Direct debit";1166,41;"2023-11-16 19:24:30";"SNCF";"refund";"credit"
3469;"Online payment";-1246,72;"2023-11-09 11:59:48";"Auchan";"refund";"debit"
3475;"Card expense at Bouygues";-281,81;"2023-11-25 08:08:41";"Bouygues";"payment";"debit"
3482;"Purchase at Veolia";1365,47;"2023-11-04 15:22:13";"Veolia";"payment";"credit"
3504;"Refund from La Poste";-1060,40;"2023-11-10 02:04:02";"La Poste";"transfer";"debit"
3515;"Subscription to SFR";-1751,94;"2023-11-19 02:19:52";"SFR";"payment";"debit"
3543;"Online payment";4144,13;"2023-11-20 08:16:24";"Monoprix";"refund";"credit"
3562;"Card expense at RATP";4935,08;"2023-11-17 07:44:50";"RATP";"transfer";"credit"
3592;"Refund from Amazon.fr";2279,93;"2023-11-18 20:50:24";"Amazon.fr";"refund";"credit"
3620;"Purchase at Deliveroo";-912,13;"2023-11-18 00:31:19";"Deliveroo";"payment";"debit"
3632;"Receipt from Transilien";-1338,58;"2023-11-04 22:54:20";"Transilien";"direct_debit";"debit"
3640;"Online payment";833,55;"2023-11-14 08:13:16";"Deliveroo";"transfer";"credit"
3649;"Invoice from Intermarche";3610,13;"2023-11-18 16:45:13";"Intermarche";"direct_debit";"credit"
3653;"Receipt from Uber";-1406,69;"2023-11-13 18:20:42";"Uber";"direct_debit";"debit"
3664;"Direct debit";-109,26;"2023-11-16 20:09:34";"Systeme U";"payment";"debit"
3670;"Incoming transfer";-569,13;"2023-11-03 18:17:48";"Fnac";"direct_debit";"debit"
3709;"Subscription to Systeme U";-1633,90;"2023-11-29 13:34:59";"Systeme U";"direct_debit";"debit"
3737;"Refund from Franprix";-907,26;"2023-11-26 01:50:29";"Franprix";"refund";"debit"
3749;"Purchase at SNCF";-800,44;"2023-11-17 09:49:19";"SNCF";"direct_debit";"debit"
3763;"Incoming transfer";-1853,51;"2023-11-29 17:22:47";"RATP";"direct_debit";"debit"
3803;"Receipt from Lidl";-665,09;"2023-11-30 00:50:33";"Lidl";"refund";"debit"
3819;"Purchase at Deliveroo";-948,96;"2023-11-24 22:20:51";"Deliveroo";"direct_debit";"debit"
3959;"Outgoing transfer";1446,60;"2023-11-12 12:27:43";"Amazon.fr";"payment";"credit"
3965;"Invoice from Air France";-227,88;"2023-11-01 14:26:53";"Air France";"direct_debit";"debit"
3966;"Purchase at Veolia";-58,60;"2023-11-04 06:59:17";"Veolia";"payment";"debit"
3970;"Purchase at TotalEnergies";3870,44;"2023-11-14 06:40:09";"TotalEnergies";"payment";"credit"
3974;"Online payment";1530,30;"2023-11-06 06:21:50";"Franprix";"refund";"credit"
3980;"Outgoing transfer";-1026,34;"2023-11-24 21:11:10";"Systeme U";"transfer";"debit"
3982;"Subscription to SFR";-1687,88;"2023-11-17 12:12:23";"SFR";"refund";"debit"
3991;"Online payment";-658,49;"2023-11-11 17:36:28";"Darty";"transfer";"debit"
4005;"Subscription to Deliveroo";-768,18;"2023-11-04 12:08:44";"Deliveroo";"refund";"debit"
4007;"Refund from Orange";4936,41;"2023-11-27 23:28:03";"Orange";"refund";"credit"
4020;"Card expense at Intermarche";-1523,32;"2023-11-05 21:09:38";"Intermarche";"direct_debit";"debit"
4027;"Invoice from La Poste";-892,54;"2023-11-22 01:53:11";"La Poste";"refund";"debit"
4031;"Outgoing transfer";-1785,08;"2023-11-27 01:28:20";"Orange";"transfer";"debit"
4083;"Subscription to Orange";-638,89;"2023-11-15 16:22:56";"Orange";"payment";"debit"
4091;"Purchase at Orange";-53,85;"2023-11-15 01:03:43";"Orange";"refund";"debit"
4132;"Refund from Amazon.fr";982,18;"2023-11-11 23:51:27";"Amazon.fr";"direct_debit";"credit"
4133;"Subscription to Bouygues";-40,51;"2023-11-20 09:44:37";"Bouygues";"transfer";"debit"
4135;"Purchase at RATP";4761,37;"2023-11-15 19:49:43";"RATP";"direct_debit";"credit"
4145;"Online payment";2505,60;"2023-11-01 19:46:04";"Leclerc";"payment";"credit"
4153;"Purchase at Lidl";-1658,49;"2023-11-28 12:55:46";"Lidl";"transfer";"debit"
4154;"Incoming transfer";1803,01;"2023-11-27 14:09:40";"Leclerc";"transfer";"credit"
4183;"Card expense at Darty";705,18;"2023-11-08 22:57:32";"Darty";"refund";"credit"
4204;"Invoice from Amazon.fr";1457,78;"2023-11-23 01:13:15";"Amazon.fr";"payment";"credit"
4217;"Direct debit";-183,01;"2023-11-10 21:34:35";"EDF";"transfer";"debit"
4226;"Incoming transfer";3845,23;"2023-11-02 15:16:53";"Franprix";"payment";"credit"
4231;"Receipt from Amazon.fr";-535,49;"2023-11-19 23:37:22";"Amazon.fr";"direct_debit";"debit"
4241;"Purchase at Fnac";-83,36;"2023-11-12 13:53:16";"Fnac";"refund";"debit"
4259;"Outgoing transfer";662,19;"2023-11-05 12:02:47";"Orange";"direct_debit";"credit"
4299;"Receipt from Systeme U";-1325,74;"2023-11-23 18:32:35";"Systeme U";"direct_debit";"debit"
4316;"Card expense at Lidl";-626,97;"2023-11-07 00:27:07";"Lidl";"transfer";"debit"
4320;"Card expense at Amazon.fr";3685,20;"2023-11-01 05:43:12";"Amazon.fr";"payment";"credit"
4372;"Purchase at Leclerc";-1971,08;"2023-11-12 03:22:18";"Leclerc";"payment";"debit"
4380;"Invoice from Bouygues";-1837,85;"2023-11-11 15:46:44";"Bouygues";"direct_debit";"debit"
4399;"Refund from SFR";3598,06;"2023-11-25 14:55:43";"SFR";"refund";"credit"
4423;"Refund from Franprix";1071,70;"2023-11-20 15:50:32";"Franprix";"transfer";"credit"
4444;"Direct debit";-1442,65;"2023-11-01 08:12:03";"Uber";"direct_debit";"debit"
4459;"Purchase at TotalEnergies";-1044,77;"2023-11-04 01:06:51";"TotalEnergies";"refund";"debit"
4508;"Direct debit";2513,45;"2023-11-27 04:40:32";"Bouygues";"transfer";"credit"
4535;"Purchase at Deliveroo";-583,77;"2023-11-19 10:58:15";"Deliveroo";"transfer";"debit"
4550;"Purchase at Auchan";-979,82;"2023-11-04 12:16:20";"Auchan";"payment";"debit"
4562;"Card expense at Franprix";-903,75;"2023-11-10 19:26:27";"Franprix";"transfer";"debit"
4626;"Outgoing transfer";-91,99;"2023-11-08 04:52:35";"Bouygues";"refund";"debit"
4638;"Online payment";2431,37;"2023-11-09 10:42:16";"Monoprix";"direct_debit";"credit"
4647;"Incoming transfer";2034,76;"2023-11-19 22:34:29";"Veolia";"transfer";"credit"
4671;"Receipt from Air France";1890,66;"2023-11-06 16:27:44";"Air France";"direct_debit";"credit"
4681;"Refund from La Poste";1660,25;"2023-11-27 01:39:53";"La Poste";"refund";"credit"
4685;"Receipt from Air France";3013,00;"2023-11-10 17:59:08";"Air France";"transfer";"credit"
4725;"Subscription to La Poste";-1686,61;"2023-11-27 09:50:24";"La Poste";"refund";"debit"
4728;"Online payment";3572,72;"2023-11-12 14:38:13";"SFR";"payment";"credit"
4737;"Refund from Veolia";3912,53;"2023-11-19 02:17:57";"Veolia";"refund";"credit"
4756;"Card expense at Amazon.fr";-1069,32;"2023-11-03 13:00:33";"Amazon.fr";"refund";"debit"
4777;"Invoice from Fnac";-613,18;"2023-11-01 19:43:48";"Fnac";"direct_debit";"debit"
4812;"Refund from Franprix";-1644,51;"2023-11-28 19:36:28";"Franprix";"payment";"debit"
4830;"Subscription to SFR";723,10;"2023-11-28 17:45:59";"SFR";"transfer";"credit"
4833;"Direct debit";593,29;"2023-11-30 16:06:07";"SNCF";"direct_debit";"credit"
4886;"Invoice from Veolia";-1220,79;"2023-11-12 21:17:23";"Veolia";"transfer";"debit"
4889;"Direct debit";-889,09;"2023-11-18 13:25:15";"Intermarche";"direct_debit";"debit"
4894;"Receipt from Darty";1450,12;"2023-11-25 09:47:33";"Darty";"direct_debit";"credit"
4898;"Direct debit";-1306,29;"2023-11-08 06:10:39";"Veolia";"direct_debit";"debit"
4910;"Invoice from Deliveroo";-1985,52;"2023-11-25 06:33:16";"Deliveroo";"transfer";"debit"
4911;"Purchase at Veolia";2710,86;"2023-11-05 04:47:31";"Veolia";"direct_debit";"credit"
5025;"Direct debit";847,00;"2023-11-29 13:25:50";"RATP";"transfer";"credit"
5029;"Outgoing transfer";-774,81;"2023-11-28 21:47:25";"Systeme U";"refund";"debit"
5039;"Refund from Intermarche";-184,66;"2023-11-20 22:35:40";"Intermarche";"transfer";"debit"
5070;"Invoice from Darty";-867,63;"2023-11-08 14:06:00";"Darty";"refund";"debit"
5079;"Purchase at EDF";4702,40;"2023-11-02 09:57:45";"EDF";"payment";"credit"
5112;"Card expense at Amazon.fr";-1195,14;"2023-11-01 18:59:59";"Amazon.fr";"transfer";"debit"
5129;"Invoice from Deliveroo";-1545,08;"2023-11-09 02:42:21";"Deliveroo";"refund";"debit"
5141;"Refund from Systeme U";-1745,12;"2023-11-22 06:45:16";"Systeme U";"transfer";"debit"
5174;"Purchase at SNCF";-222,97;"2023-11-01 13:26:38";"SNCF";"refund";"debit"
5186;"Card expense at Carrefour";-1772,78;"2023-11-02 20:20:35";"Carrefour";"direct_debit";"debit"
5194;"Incoming transfer";750,74;"2023-11-25 18:31:51";"Monoprix";"transfer";"credit"
5201;"Incoming transfer";-1932,65;"2023-11-29 06:40:33";"Orange";"refund";"debit"
5205;"Invoice from TotalEnergies";4733,24;"2023-11-27 07:56:44";"TotalEnergies";"payment";"credit"
5210;"Direct debit";-1730,70;"2023-11-04 06:21:04";"Leclerc";"payment";"debit"
5234;"Invoice from Monoprix";3619,77;"2023-11-27 04:18:15";"Monoprix";"direct_debit";"credit"
5249;"Invoice from Uber";-660,79;"2023-11-27 08:27:32";"Uber";"payment";"debit"
5258;"Card expense at Fnac";624,30;"2023-11-14 22:40:59";"Fnac";"refund";"credit"
5272;"Direct debit";-1647,10;"2023-11-27 08:03:24";"Systeme U";"direct_debit";"debit"
5275;"Purchase at Deliveroo";-249,80;"2023-11-11 07:52:13";"Deliveroo";"refund";"debit"
5291;"Card expense at RATP";4823,90;"2023-11-03 14:47:54";"RATP";"direct_debit";"credit"
5315;"Online payment";-1104,17;"2023-11-07 12:26:52";"Air France";"transfer";"debit"
5332;"Card expense at Amazon.fr";4885,27;"2023-11-10 01:25:32";"Amazon.fr";"refund";"credit"
5339;"Incoming transfer";-1433,27;"2023-11-03 00:50:34";"Deliveroo";"transfer";"debit"
5384;"Outgoing transfer";-1365,18;"2023-11-27 08:06:07";"Systeme U";"direct_debit";"debit"
5391;"Online payment";321,81;"2023-11-26 18:41:52";"Intermarche";"transfer";"credit"
5394;"Refund from Franprix";3541,33;"2023-11-24 01:33:03";"Franprix";"transfer";"credit"
5412;"Subscription to Bouygues";-1570,50;"2023-11-02 03:03:29";"Bouygues";"transfer";"debit"
5414;"Subscription to EDF";3588,75;"2023-11-08 21:30:01";"EDF";"payment";"credit"
5422;"Incoming transfer";-1941,44;"2023-11-01 08:36:38";"SNCF";"direct_debit";"debit"
5423;"Direct debit";-1509,03;"2023-11-16 03:30:59";"Monoprix";"payment";"debit"
5432;"Purchase at Uber";-1067,54;"2023-11-10 16:19:26";"Uber";"refund";"debit"
5454;"Outgoing transfer";-124,33;"2023-11-15 19:30:21";"Auchan";"payment";"debit"
5469;"Direct debit";2612,42;"2023-11-19 06:17:02";"Systeme U";"direct_debit";"credit"
5478;"Incoming transfer";3512,59;"2023-11-23 20:02:00";"Systeme U";"payment";"credit"
5484;"Receipt from Bouygues";1667,13;"2023-11-05 09:00:54";"Bouygues";"payment";"credit"
5509;"Receipt from Auchan";2019,35;"2023-11-28 20:31:10";"Auchan";"payment";"credit"
5535;"Purchase at SNCF";4309,01;"2023-11-12 10:13:01";"SNCF";"direct_debit";"credit"
5541;"Card expense at Orange";-259,94;"2023-11-28 17:16:47";"Orange";"refund";"debit"
5559;"Direct debit";-1033,67;"2023-11-11 06:04:17";"Darty";"refund";"debit"
5569;"Outgoing transfer";-1509,25;"2023-11-09 13:20:56";"Systeme U";"direct_debit";"debit"
5574;"Subscription to Transilien";-445,50;"2023-11-03 22:22:23";"Transilien";"payment";"debit"
5581;"Card expense at SFR";2484,66;"2023-11-02 07:34:43";"SFR";"transfer";"credit"
5597;"Refund from Systeme U";317,08;"2023-11-07 23:16:47";"Systeme U";"transfer";"credit"
5607;"Receipt from Auchan";-1627,83;"2023-11-18 23:41:35";"Auchan";"refund";"debit"
5621;"Incoming transfer";-1930,35;"2023-11-14 16:06:21";"EDF";"payment";"debit"
5641;"Outgoing transfer";-1638,20;"2023-11-20 19:07:34";"TotalEnergies";"direct_debit";"debit"
5644;"Outgoing transfer";-157,96;"2023-11-12 05:32:17";"EDF";"payment";"debit"
5646;"Purchase at Orange";2350,71;"2023-11-04 12:12:17";"Orange";"direct_debit";"credit"
5648;"Incoming transfer";2990,51;"2023-11-22 11:11:08";"SNCF";"refund";"credit"
5654;"Online payment";-968,20;"2023-11-27 20:06:17";"TotalEnergies";"payment";"debit"
5658;"Subscription to SFR";-1057,63;"2023-11-19 20:12:08";"SFR";"payment";"debit"
5665;"Card expense at Systeme U";-700,74;"2023-11-07 11:33:53";"Systeme U";"refund";"debit"
5693;"Incoming transfer";2886,45;"2023-11-16 09:37:21";"Bouygues";"refund";"credit"
5719;"Purchase at La Poste";-1946,13;"2023-11-04 13:20:18";"La Poste";"transfer";"debit"
5731;"Direct debit";118,37;"2023-11-23 15:21:45";"TotalEnergies";"refund";"credit"
5735;"Receipt from Auchan";-655,13;"2023-11-17 02:44:20";"Auchan";"refund";"debit"
5736;"Refund from Bouygues";-1097,96;"2023-11-29 21:19:00";"Bouygues";"direct_debit";"debit"
5750;"Online payment";-1044,50;"2023-11-16 13:13:00";"Darty";"payment";"debit"
5762;"Purchase at EDF";-294,78;"2023-11-28 12:50:41";"EDF";"direct_debit";"debit"
5769;"Subscription to Intermarche";-184,89;"2023-11-12 01:46:12";"Intermarche";"payment";"debit"
5770;"Online payment";1484,54;"2023-11-07 18:09:41";"Air France";"transfer";"credit"
5787;"Receipt from Amazon.fr";-718,24;"2023-11-29 20:06:33";"Amazon.fr";"direct_debit";"debit"
5801;"Subscription to Bouygues";-40,29;"2023-11-24 05:32:34";"Bouygues";"direct_debit";"debit"
5802;"Direct debit";1650,66;"2023-11-13 16:24:47";"La Poste";"payment";"credit"
5818;"Outgoing transfer";1833,67;"2023-11-07 19:14:04";"Systeme U";"payment";"credit"
5833;"Online payment";-252,26;"2023-11-15 04:12:03";"Intermarche";"transfer";"debit"
5836;"Online payment";-813,51;"2023-11-18 01:33:51";"Systeme U";"transfer";"debit"
5857;"Purchase at Orange";82,57;"2023-11-11 01:52:50";"Orange";"direct_debit";"credit"
5909;"Purchase at Air France";-1962,82;"2023-11-24 16:51:55";"Air France";"transfer";"debit"
5919;"Receipt from Veolia";-1652,18;"2023-11-19 18:54:14";"Veolia";"refund";"debit"
5921;"Refund from Fnac";-334,47;"2023-11-09 15:32:52";"Fnac";"direct_debit";"debit"
5943;"Receipt from Franprix";1640,59;"2023-11-01 16:30:11";"Franprix";"payment";"credit"
5956;"Invoice from TotalEnergies";-1455,17;"2023-11-08 02:56:21";"TotalEnergies";"transfer";"debit"
5970;"Card expense at Uber";-675,77;"2023-11-03 02:19:20";"Uber";"transfer";"debit"
5989;"Card expense at RATP";-499,34;"2023-11-27 22:26:29";"RATP";"refund";"debit"
6020;"Direct debit";-1504,38;"2023-11-06 10:08:06";"Intermarche";"transfer";"debit"
6039;"Direct debit";4662,64;"2023-11-25 13:10:55";"Uber";"refund";"credit"
6067;"Card expense at Monoprix";-1867,90;"2023-11-16 21:22:42";"Monoprix";"transfer";"debit"
6076;"Subscription to Systeme U";-929,79;"2023-11-06 05:33:07";"Systeme U";"transfer";"debit"
6113;"Refund from SNCF";-462,08;"2023-11-24 14:58:42";"SNCF";"payment";"debit"
6117;"Incoming transfer";-940,72;"2023-11-08 00:24:51";"Veolia";"refund";"debit"
6119;"Subscription to Fnac";-285,83;"2023-11-04 03:22:07";"Fnac";"transfer";"debit"
6150;"Outgoing transfer";-1341,96;"2023-11-03 16:22:54";"Veolia";"transfer";"debit"
6152;"Subscription to Systeme U";-1502,51;"2023-11-21 07:43:52";"Systeme U";"transfer";"debit"
6169;"Refund from SNCF";3598,41;"2023-11-29 20:24:56";"SNCF";"transfer";"credit"
6171;"Outgoing transfer";-1036,55;"2023-11-21 04:28:00";"Amazon.fr";"payment";"debit"
6174;"Purchase at Leclerc";-692,28;"2023-11-24 19:48:46";"Leclerc";"direct_debit";"debit"
6180;"Refund from SFR";-1178,31;"2023-11-28 22:16:14";"SFR";"payment";"debit"
6203;"Online payment";-1121,76;"2023-11-13 21:25:00";"Systeme U";"direct_debit";"debit"
6208;"Purchase at EDF";-687,27;"2023-11-02 00:02:07";"EDF";"refund";"debit"
6223;"Online payment";2968,09;"2023-11-10 00:35:04";"Amazon.fr";"refund";"credit"
6233;"Receipt from Bouygues";4318,34;"2023-11-12 02:36:18";"Bouygues";"transfer";"credit"
6236;"Subscription to Auchan";-332,53;"2023-11-06 14:54:19";"Auchan";"payment";"debit"
6237;"Refund from Amazon.fr";-233,68;"2023-11-15 10:34:49";"Amazon.fr";"direct_debit";"debit"
6241;"Subscription to Auchan";934,26;"2023-11-24 03:20:24";"Auchan";"payment";"credit"
6250;"Incoming transfer";2366,80;"2023-11-19 15:42:18";"Auchan";"refund";"credit"
6261;"Receipt from Lidl";-197,07;"2023-11-04 05:58:37";"Lidl";"transfer";"debit"
6263;"Online payment";-1823,22;"2023-11-28 07:47:38";"Uber";"refund";"debit"
6282;"Card expense at RATP";-1289,27;"2023-11-11 15:02:49";"RATP";"direct_debit";"debit"
6283;"Subscription to Bouygues";-390,63;"2023-11-16 17:37:52";"Bouygues";"refund";"debit"
6301;"Online payment";-1221,34;"2023-11-05 15:01:59";"Lidl";"transfer";"debit"
6313;"Invoice from Leclerc";-636,97;"2023-11-04 07:18:49";"Leclerc";"refund";"debit"
6347;"Outgoing transfer";-1498,55;"2023-11-27 11:27:28";"Systeme U";"transfer";"debit"
6355;"Direct debit";805,49;"2023-11-14 02:29:49";"Air France";"payment";"credit"
6368;"Receipt from Transilien";-1853,13;"2023-11-30 00:36:05";"Transilien";"payment";"debit"
6382;"Online payment";4816,17;"2023-11-08 04:54:45";"SFR";"refund";"credit"
6445;"Direct debit";969,28;"2023-11-22 18:22:24";"Veolia";"transfer";"credit"
6486;"Refund from SFR";-1793,48;"2023-11-29 15:14:14";"SFR";"payment";"debit"
6502;"Card expense at Uber";-1021,01;"2023-11-12 14:35:48";"Uber";"direct_debit";"debit"
6506;"Direct debit";-1661,63;"2023-11-14 15:34:45";"Auchan";"direct_debit";"debit"
6520;"Refund from Systeme U";1638,43;"2023-11-13 21:02:25";"Systeme U";"refund";"credit"
6526;"Outgoing transfer";-310,16;"2023-11-24 18:01:37";"Intermarche";"direct_debit";"debit"
6539;"Invoice from Bouygues";-141,69;"2023-11-26 08:16:47";"Bouygues";"direct_debit";"debit"
6560;"Online payment";1443,53;"2023-11-17 12:54:52";"Franprix";"refund";"credit"
6562;"Direct debit";-1593,64;"2023-11-02 11:59:39";"Carrefour";"direct_debit";"debit"
6566;"Refund from Amazon.fr";-1833,74;"2023-11-13 21:27:35";"Amazon.fr";"transfer";"debit"
6578;"Refund from Leclerc";-707,84;"2023-11-24 00:26:50";"Leclerc";"direct_debit";"debit"
6597;"Invoice from Fnac";-564,57;"2023-11-30 02:16:10";"Fnac";"transfer";"debit"
6623;"Receipt from Auchan";-1789,71;"2023-11-14 13:45:02";"Auchan";"refund";"debit"
6628;"Refund from RATP";1026,72;"2023-11-08 21:27:14";"RATP";"payment";"credit"
6646;"Outgoing transfer";1022,42;"2023-11-21 09:05:36";"Carrefour";"transfer";"credit"
6655;"Direct debit";3229,51;"2023-11-02 11:07:44";"Amazon.fr";"payment";"credit"
6663;"Invoice from Amazon.fr";3029,98;"2023-11-22 22:51:44";"Amazon.fr";"transfer";"credit"
6677;"Direct debit";-401,74;"2023-11-14 19:33:57";"Monoprix";"direct_debit";"debit"
6701;"Subscription to Uber";-244,14;"2023-11-17 21:15:34";"Uber";"refund";"debit"
6712;"Incoming transfer";-15,77;"2023-11-17 08:15:01";"Veolia";"transfer";"debit"
6727;"Invoice from Bouygues";-186,27;"2023-11-24 14:59:55";"Bouygues";"payment";"debit"
6729;"Outgoing transfer";-1692,45;"2023-11-05 18:05:46";"EDF";"refund";"debit"
6771;"Purchase at Uber";-1642,57;"2023-11-12 20:17:41";"Uber";"direct_debit";"debit"
6774;"Refund from Intermarche";-865,89;"2023-11-18 07:38:17";"Intermarche";"transfer";"debit"
6781;"Incoming transfer";-1027,99;"2023-11-25 16:30:52";"Franprix";"direct_debit";"debit"
6787;"Online payment";-28,75;"2023-11-17 11:16:09";"Amazon.fr";"payment";"debit"
6796;"Subscription to Bouygues";-1827,30;"2023-11-14 03:08:53";"Bouygues";"refund";"debit"
6804;"Card expense at Intermarche";4832,11;"2023-11-01 06:02:23";"Intermarche";"direct_debit";"credit"
6836;"Online payment";1932,92;"2023-11-29 13:17:55";"Lidl";"refund";"credit"
6841;"Purchase at Darty";-917,32;"2023-11-29 14:44:15";"Darty";"refund";"debit"
6844;"Receipt from Veolia";-94,33;"2023-11-21 23:09:10";"Veolia";"refund";"debit"
6855;"Invoice from Veolia";3957,91;"2023-11-15 01:54:46";"Veolia";"payment";"credit"
6911;"Purchase at Systeme U";-1858,82;"2023-11-11 00:42:22";"Systeme U";"refund";"debit"
6914;"Refund from EDF";1260,40;"2023-11-02 05:11:31";"EDF";"transfer";"credit"
6931;"Online payment";2780,57;"2023-11-18 17:07:11";"TotalEnergies";"transfer";"credit"
6955;"Outgoing transfer";3853,52;"2023-11-23 12:21:02";"Leclerc";"transfer";"credit"
6962;"Purchase at Auchan";-337,25;"2023-11-23 04:37:29";"Auchan";"transfer";"debit"
6980;"Card expense at La Poste";-1443,75;"2023-11-08 05:14:00";"La Poste";"direct_debit";"debit"
6997;"Outgoing transfer";-511,00;"2023-11-15 10:09:19";"SNCF";"transfer";"debit"
7004;"Outgoing transfer";-469,26;"2023-11-06 15:32:35";"Fnac";"refund";"debit"
7005;"Online payment";-372,65;"2023-11-12 07:06:55";"RATP";"transfer";"debit"
7037;"Purchase at Monoprix";-1691,51;"2023-11-05 13:04:11";"Monoprix";"payment";"debit"
7039;"Card expense at Monoprix";-1921,50;"2023-11-27 17:56:55";"Monoprix";"payment";"debit"
7059;"Subscription to Amazon.fr";-1212,61;"2023-11-23 20:24:28";"Amazon.fr";"refund";"debit"
7060;"Online payment";-1165,03;"2023-11-09 20:43:13";"Veolia";"refund";"debit"
7086;"Subscription to Air France";1552,77;"2023-11-09 19:32:06";"Air France";"payment";"credit"
7091;"Online payment";-989,89;"2023-11-01 19:53:08";"Amazon.fr";"payment";"debit"
7122;"Subscription to Systeme U";-1490,23;"2023-11-29 14:07:04";"Systeme U";"transfer";"debit"
7124;"Subscription to Carrefour";3049,78;"2023-11-11 18:36:49";"Carrefour";"payment";"credit"
7156;"Subscription to Amazon.fr";-1696,94;"2023-11-02 09:11:51";"Amazon.fr";"transfer";"debit"
7159;"Card expense at EDF";2065,45;"2023-11-13 17:36:36";"EDF";"transfer";"credit"
7167;"Card expense at Intermarche";-1589,58;"2023-11-06 03:51:37";"Intermarche";"refund";"debit"
7194;"Refund from RATP";-1836,71;"2023-11-07 22:19:08";"RATP";"transfer";"debit"
7195;"Outgoing transfer";-714,64;"2023-11-29 08:55:52";"Uber";"refund";"debit"
7203;"Incoming transfer";4653,66;"2023-11-04 00:03:38";"Bouygues";"refund";"credit"
7212;"Refund from La Poste";-93,91;"2023-11-11 14:02:08";"La Poste";"direct_debit";"debit"
7227;"Direct debit";3651,86;"2023-11-03 17:14:08";"Monoprix";"transfer";"credit"
7228;"Online payment";3526,06;"2023-11-04 19:47:07";"TotalEnergies";"payment";"credit"
7259;"Purchase at Carrefour";-202,79;"2023-11-07 09:13:58";"Carrefour";"refund";"debit"
7296;"Card expense at Veolia";-285,87;"2023-11-17 09:34:43";"Veolia";"direct_debit";"debit"
7297;"Refund from Leclerc";201,53;"2023-11-16 14:33:32";"Leclerc";"refund";"credit"
7299;"Online payment";-1664,58;"2023-11-05 04:36:59";"Deliveroo";"payment";"debit"
7316;"Receipt from Orange";4846,96;"2023-11-24 13:19:15";"Orange";"payment";"credit"
7325;"Receipt from Amazon.fr";2867,31;"2023-11-17 14:52:24";"Amazon.fr";"refund";"credit"
7345;"Subscription to EDF";-959,28;"2023-11-08 23:16:59";"EDF";"direct_debit";"debit"
7355;"Receipt from Lidl";-929,34;"2023-11-11 21:14:17";"Lidl";"direct_debit";"debit"
7359;"Online payment";-1970,01;"2023-11-05 21:43:43";"Franprix";"payment";"debit"
7362;"Online payment";-450,88;"2023-11-05 00:06:46";"Transilien";"transfer";"debit"
7388;"Outgoing transfer";-128,33;"2023-11-05 11:53:52";"Lidl";"transfer";"debit"
7400;"Invoice from Fnac";-1545,96;"2023-11-28 10:11:58";"Fnac";"transfer";"debit"
7412;"Online payment";2136,05;"2023-11-27 22:16:58";"Franprix";"transfer";"credit"
7441;"Purchase at Transilien";3614,11;"2023-11-01 12:41:11";"Transilien";"transfer";"credit"
7473;"Online payment";-1693,58;"2023-11-26 18:36:40";"Systeme U";"refund";"debit"
7497;"Outgoing transfer";2971,61;"2023-11-18 01:21:40";"Fnac";"transfer";"credit"
7517;"Incoming transfer";-155,28;"2023-11-06 19:52:35";"Leclerc";"payment";"debit"
7541;"Outgoing transfer";-823,99;"2023-11-18 21:41:36";"Air France";"direct_debit";"debit"
7555;"Refund from SFR";2957,64;"2023-11-04 17:37:14";"SFR";"refund";"credit"
7558;"Invoice from Auchan";-457,94;"2023-11-30 15:54:13";"Auchan";"transfer";"debit"
7561;"Refund from Transilien";-1921,14;"2023-11-26 01:55:34";"Transilien";"refund";"debit"
7563;"Incoming transfer";1270,83;"2023-11-08 11:15:13";"Orange";"payment";"credit"
7593;"Direct debit";2923,41;"2023-11-17 02:00:26";"Deliveroo";"direct_debit";"credit"
7629;"Purchase at SFR";2171,28;"2023-11-17 21:06:10";"SFR";"payment";"credit"
7645;"Receipt from Auchan";2161,92;"2023-11-23 08:33:23";"Auchan";"transfer";"credit"
7658;"Refund from Darty";-1145,49;"2023-11-20 12:52:18";"Darty";"direct_debit";"debit"
7660;"Invoice from Deliveroo";-1959,15;"2023-11-24 01:49:45";"Deliveroo";"direct_debit";"debit"
7711;"Refund from Lidl";4675,37;"2023-11-14 03:14:46";"Lidl";"transfer";"credit"
7723;"Subscription to Air France";4291,33;"2023-11-03 17:34:27";"Air France";"direct_debit";"credit"
7731;"Card expense at Leclerc";-1209,43;"2023-11-11 08:56:20";"Leclerc";"refund";"debit"
7749;"Receipt from Veolia";4528,25;"2023-11-05 11:54:52";"Veolia";"refund";"credit"
7758;"Receipt from Air France";-1651,97;"2023-11-08 21:59:15";"Air France";"payment";"debit"
7774;"Receipt from Franprix";-1661,93;"2023-11-02 00:53:13";"Franprix";"transfer";"debit"
7775;"Card expense at Lidl";2604,96;"2023-11-25 07:35:35";"Lidl";"transfer";"credit"
7779;"Invoice from Deliveroo";-1962,84;"2023-11-11 17:49:07";"Deliveroo";"payment";"debit"
7783;"Incoming transfer";122,71;"2023-11-05 06:31:34";"EDF";"refund";"credit"
7790;"Online payment";-324,44;"2023-11-08 18:35:08";"Systeme U";"refund";"debit"
7796;"Card expense at Franprix";3548,09;"2023-11-20 20:42:15";"Franprix";"payment";"credit"
7801;"Online payment";96,67;"2023-11-09 03:58:41";"Systeme U";"refund";"credit"
7837;"Incoming transfer";-1027,23;"2023-11-09 21:29:19";"La Poste";"refund";"debit"
7838;"Online payment";-1347,43;"2023-11-11 18:19:30";"Franprix";"refund";"debit"
7841;"Direct debit";-105,27;"2023-11-08 03:23:37";"Amazon.fr";"direct_debit";"debit"
7853;"Incoming transfer";1408,20;"2023-11-26 16:01:16";"Intermarche";"transfer";"credit"
7857;"Direct debit";-87,44;"2023-11-21 17:05:21";"Bouygues";"direct_debit";"debit"
7870;"Outgoing transfer";1670,10;"2023-11-26 06:26:41";"Orange";"refund";"credit"
7874;"Subscription to SNCF";-1869,71;"2023-11-04 14:33:02";"SNCF";"direct_debit";"debit"
7898;"Receipt from RATP";195,45;"2023-11-06 12:40:30";"RATP";"transfer";"credit"
7900;"Direct debit";-594,79;"2023-11-18 05:07:38";"SFR";"refund";"debit"
7945;"Online payment";1988,49;"2023-11-09 11:51:13";"Auchan";"direct_debit";"credit"
7970;"Purchase at Uber";-1996,55;"2023-11-01 06:32:25";"Uber";"refund";"debit"
7982;"Receipt from Darty";1865,39;"2023-11-28 12:03:04";"Darty";"refund";"credit"
8011;"Online payment";-438,65;"2023-11-13 08:19:32";"Deliveroo";"direct_debit";"debit"
8030;"Invoice from Bouygues";-1771,90;"2023-11-03 16:27:12";"Bouygues";"payment";"debit"
8037;"Direct debit";-1775,24;"2023-11-23 15:15:57";"Systeme U";"transfer";"debit"
8065;"Card expense at Air France";-1448,23;"2023-11-12 23:08:06";"Air France";"transfer";"debit"
8072;"Purchase at SFR";1125,56;"2023-11-02 22:07:50";"SFR";"refund";"credit"
8085;"Subscription to Air France";-214,39;"2023-11-23 12:22:25";"Air France";"payment";"debit"
8156;"Refund from Orange";1613,99;"2023-11-13 18:41:17";"Orange";"direct_debit";"credit"
8168;"Subscription to Auchan";4362,32;"2023-11-01 12:01:19";"Auchan";"direct_debit";"credit"
8196;"Purchase at La Poste";764,20;"2023-11-10 14:44:28";"La Poste";"transfer";"credit"
8213;"Online payment";2719,12;"2023-11-25 03:43:55";"Darty";"direct_debit";"credit"
8223;"Incoming transfer";-398,77;"2023-11-23 16:31:36";"La Poste";"direct_debit";"debit"
8250;"Subscription to Transilien";-1590,80;"2023-11-01 02:37:15";"Transilien";"payment";"debit"
8251;"Outgoing transfer";1851,65;"2023-11-28 23:58:26";"Carrefour";"refund";"credit"
8265;"Invoice from Amazon.fr";-1730,78;"2023-11-05 12:18:02";"Amazon.fr";"payment";"debit"
8276;"Subscription to Monoprix";-450,82;"2023-11-25 16:09:22";"Monoprix";"transfer";"debit"
8283;"Incoming transfer";-997,62;"2023-11-28 06:36:51";"Darty";"direct_debit";"debit"
8295;"Refund from Bouygues";3603,94;"2023-11-12 11:56:27";"Bouygues";"refund";"credit"
8310;"Receipt from Darty";2468,86;"2023-11-09 23:39:10";"Darty";"payment";"credit"
8353;"Subscription to Auchan";-231,98;"2023-11-24 03:17:37";"Auchan";"refund";"debit"
8393;"Card expense at EDF";-1113,39;"2023-11-16 02:41:47";"EDF";"direct_debit";"debit"
8414;"Direct debit";-879,00;"2023-11-26 19:30:18";"Lidl";"payment";"debit"
8428;"Refund from Veolia";4115,34;"2023-11-11 02:18:32";"Veolia";"payment";"credit"
8439;"Direct debit";4655,05;"2023-11-29 16:07:48";"EDF";"payment";"credit"
8441;"Invoice from Deliveroo";4524,16;"2023-11-11 14:56:48";"Deliveroo";"transfer";"credit"
8445;"Subscription to SFR";4121,79;"2023-11-08 02:38:52";"SFR";"refund";"credit"
8470;"Online payment";-48,17;"2023-11-27 00:37:58";"SFR";"refund";"debit"
8477;"Invoice from Orange";-645,65;"2023-11-23 05:02:23";"Orange";"transfer";"debit"
8484;"Direct debit";-1073,67;"2023-11-28 09:46:58";"SFR";"transfer";"debit"
8499;"Online payment";3262,95;"2023-11-22 04:50:51";"Monoprix";"payment";"credit"
8506;"Online payment";-565,10;"2023-11-11 20:38:12";"Lidl";"transfer";"debit"
8534;"Invoice from Orange";-537,99;"2023-11-30 19:59:40";"Orange";"refund";"debit"
8550;"Online payment";4783,33;"2023-11-22 03:38:18";"EDF";"refund";"credit"
8553;"Purchase at Bouygues";-1863,98;"2023-11-23 17:19:25";"Bouygues";"refund";"debit"
8555;"Outgoing transfer";-857,86;"2023-11-13 21:28:09";"Air France";"refund";"debit"
8568;"Invoice from La Poste";-1530,76;"2023-11-02 02:49:15";"La Poste";"direct_debit";"debit"
8583;"Direct debit";87,53;"2023-11-08 10:34:06";"Uber";"refund";"credit"
8596;"Refund from Orange";-509,07;"2023-11-02 09:52:48";"Orange";"refund";"debit"
8611;"Refund from RATP";-1704,21;"2023-11-27 06:17:50";"RATP";"payment";"debit"
8612;"Direct debit";-521,03;"2023-11-29 21:10:28";"RATP";"payment";"debit"
8656;"Refund from Carrefour";-1777,09;"2023-11-19 16:55:13";"Carrefour";"payment";"debit"
8660;"Incoming transfer";-1794,20;"2023-11-04 12:18:09";"Fnac";"payment";"debit"
8683;"Outgoing transfer";-1132,63;"2023-11-29 22:05:23";"Intermarche";"payment";"debit"
8692;"Outgoing transfer";4795,83;"2023-11-24 02:18:27";"Systeme U";"payment";"credit"
8705;"Purchase at Amazon.fr";-1379,78;"2023-11-09 12:53:16";"Amazon.fr";"refund";"debit"
8723;"Refund from SFR";-892,92;"2023-11-23 23:38:13";"SFR";"direct_debit";"debit"
8748;"Invoice from Transilien";3570,56;"2023-11-08 17:23:20";"Transilien";"payment";"credit"
8792;"Card expense at Auchan";-1139,79;"2023-11-15 08:53:01";"Auchan";"transfer";"debit"
8807;"Online payment";-215,83;"2023-11-18 22:06:18";"Deliveroo";"payment";"debit"
8818;"Subscription to La Poste";-380,55;"2023-11-28 21:56:57";"La Poste";"transfer";"debit"
8860;"Refund from Fnac";-1710,30;"2023-11-18 09:41:55";"Fnac";"transfer";"debit"
8870;"Invoice from Carrefour";-1375,30;"2023-11-22 23:29:54";"Carrefour";"transfer";"debit"
8888;"Subscription to Auchan";1278,81;"2023-11-20 17:32:29";"Auchan";"payment";"credit"
8898;"Receipt from Carrefour";-1735,49;"2023-11-15 20:52:48";"Carrefour";"payment";"debit"
8909;"Card expense at Fnac";-1602,73;"2023-11-22 19:43:16";"Fnac";"direct_debit";"debit"
8918;"Card expense at RATP";-1895,82;"2023-11-09 14:33:35";"RATP";"direct_debit";"debit"
8933;"Purchase at Bouygues";3907,37;"2023-11-27 01:35:13";"Bouygues";"direct_debit";"credit"
8943;"Card expense at Fnac";-8,12;"2023-11-26 23:17:37";"Fnac";"refund";"debit"
8989;"Refund from Veolia";4451,21;"2023-11-02 14:26:02";"Veolia";"direct_debit";"credit"
9019;"Direct debit";-390,95;"2023-11-20 20:50:45";"Deliveroo";"direct_debit";"debit"
9029;"Refund from EDF";-1151,03;"2023-11-16 20:29:54";"EDF";"payment";"debit"
9037;"Invoice from EDF";-880,47;"2023-11-20 09:23:06";"EDF";"payment";"debit"
9043;"Card expense at Leclerc";760,53;"2023-11-11 02:20:10";"Leclerc";"payment";"credit"
9051;"Receipt from SNCF";-1820,63;"2023-11-28 10:34:13";"SNCF";"transfer";"debit"
9053;"Receipt from Franprix";-946,52;"2023-11-19 18:08:38";"Franprix";"direct_debit";"debit"
9073;"Card expense at Systeme U";-1322,81;"2023-11-26 13:58:39";"Systeme U";"payment";"debit"
9078;"Online payment";516,29;"2023-11-02 13:29:51";"Lidl";"transfer";"credit"
9093;"Purchase at EDF";-1954,99;"2023-11-03 07:02:37";"EDF";"refund";"debit"
9120;"Incoming transfer";-426,27;"2023-11-01 21:34:10";"Fnac";"refund";"debit"
9131;"Receipt from Leclerc";3416,27;"2023-11-01 00:14:15";"Leclerc";"direct_debit";"credit"
9203;"Subscription to Orange";4056,70;"2023-11-08 11:28:24";"Orange";"transfer";"credit"
9208;"Purchase at Carrefour";-90,68;"2023-11-18 14:52:51";"Carrefour";"direct_debit";"debit"
9209;"Online payment";-246,07;"2023-11-21 00:41:29";"TotalEnergies";"refund";"debit"
9211;"Online payment";-1201,81;"2023-11-16 01:24:22";"TotalEnergies";"refund";"debit"
9223;"Subscription to Air France";3086,52;"2023-11-13 08:53:26";"Air France";"payment";"credit"
9276;"Incoming transfer";-1443,02;"2023-11-30 01:20:52";"Amazon.fr";"direct_debit";"debit"
9281;"Outgoing transfer";-1537,66;"2023-11-29 01:14:31";"Air France";"refund";"debit"
9307;"Purchase at Franprix";362,00;"2023-11-14 12:52:20";"Franprix";"payment";"credit"
9310;"Outgoing transfer";839,33;"2023-11-25 13:04:56";"Uber";"direct_debit";"credit"
9318;"Incoming transfer";4592,28;"2023-11-15 14:51:40";"Franprix";"direct_debit";"credit"
9327;"Online payment";-557,76;"2023-11-02 08:51:38";"TotalEnergies";"transfer";"debit"
9341;"Invoice from Fnac";730,94;"2023-11-03 04:12:16";"Fnac";"refund";"credit"
9345;"Invoice from Uber";1834,27;"2023-11-12 13:29:08";"Uber";"payment";"credit"
9349;"Outgoing transfer";-626,75;"2023-11-22 17:01:40";"Lidl";"direct_debit";"debit"
9362;"Receipt from SNCF";-726,53;"2023-11-04 18:50:38";"SNCF";"refund";"debit"
9406;"Incoming transfer";-1472,35;"2023-11-04 03:04:53";"Deliveroo";"transfer";"debit"
9415;"Outgoing transfer";-1966,40;"2023-11-15 01:31:04";"Bouygues";"refund";"debit"
9428;"Subscription to SFR";-1171,65;"2023-11-23 14:41:08";"SFR";"direct_debit";"debit"
9440;"Invoice from Franprix";-1590,60;"2023-11-30 04:53:29";"Franprix";"direct_debit";"debit"
9448;"Purchase at TotalEnergies";-1591,47;"2023-11-05 13:00:33";"TotalEnergies";"refund";"debit"
9458;"Receipt from Orange";-1425,92;"2023-11-04 12:28:54";"Orange";"refund";"debit"
9460;"Purchase at RATP";319,20;"2023-11-07 19:10:28";"RATP";"transfer";"credit"
9476;"Refund from SFR";-1429,59;"2023-11-10 23:58:14";"SFR";"payment";"debit"
9483;"Direct debit";-991,86;"2023-11-11 01:22:24";"Darty";"payment";"debit"
9487;"Online payment";-527,17;"2023-11-30 07:49:21";"Franprix";"refund";"debit"
9489;"Purchase at Orange";-929,35;"2023-11-06 21:14:18";"Orange";"transfer";"debit"
9492;"Subscription to TotalEnergies";-890,29;"2023-11-14 23:55:14";"TotalEnergies";"payment";"debit"
9509;"Invoice from Amazon.fr";-1835,95;"2023-11-19 23:12:48";"Amazon.fr";"direct_debit";"debit"
9514;"Online payment";627,63;"2023-11-10 01:48:46";"RATP";"transfer";"credit"
9515;"Purchase at TotalEnergies";1175,83;"2023-11-25 09:42:47";"TotalEnergies";"refund";"credit"
9519;"Purchase at Lidl";-1539,47;"2023-11-21 21:27:13";"Lidl";"payment";"debit"
9532;"Card expense at EDF";2040,76;"2023-11-29 19:47:38";"EDF";"payment";"credit"
9555;"Outgoing transfer";-361,17;"2023-11-20 08:31:24";"Leclerc";"refund";"debit"
9558;"Outgoing transfer";1079,62;"2023-11-21 00:45:55";"Fnac";"refund";"credit"
9569;"Direct debit";-606,92;"2023-11-07 19:33:06";"La Poste";"payment";"debit"
9633;"Purchase at Transilien";-1951,99;"2023-11-30 23:04:01";"Transilien";"transfer";"debit"
9644;"Receipt from SFR";-1367,89;"2023-11-10 01:58:23";"SFR";"transfer";"debit"
9646;"Purchase at EDF";3529,84;"2023-11-04 17:13:47";"EDF";"refund";"credit"
9670;"Direct debit";-839,68;"2023-11-18 18:24:49";"Orange";"direct_debit";"debit"
9680;"Purchase at Bouygues";-458,24;"2023-11-02 08:42:58";"Bouygues";"payment";"debit"
9684;"Incoming transfer";-1253,91;"2023-11-24 21:02:34";"Carrefour";"refund";"debit"
9696;"Purchase at Fnac";-1427,08;"2023-11-07 07:49:57";"Fnac";"transfer";"debit"
9718;"Outgoing transfer";-240,51;"2023-11-07 13:53:57";"EDF";"transfer";"debit"
9722;"Online payment";3655,94;"2023-11-24 15:08:20";"TotalEnergies";"refund";"credit"
9742;"Outgoing transfer";-250,07;"2023-11-25 00:12:57";"Orange";"payment";"debit"
9745;"Purchase at Lidl";2895,43;"2023-11-29 21:02:37";"Lidl";"direct_debit";"credit"
9752;"Direct debit";1874,15;"2023-11-28 00:34:21";"RATP";"direct_debit";"credit"
9768;"Direct debit";-898,27;"2023-11-26 23:00:19";"SNCF";"direct_debit";"debit"
9769;"Purchase at Uber";-48,17;"2023-11-27 22:14:43";"Uber";"payment";"debit"
9775;"Refund from Uber";1693,02;"2023-11-28 07:29:04";"Uber";"transfer";"credit"
9793;"Direct debit";-19,00;"2023-11-29 18:57:03";"SNCF";"refund";"debit"
9812;"Purchase at Monoprix";-1050,25;"2023-11-19 06:03:24";"Monoprix";"transfer";"debit"
9825;"Receipt from Fnac";-657,42;"2023-11-17 01:00:17";"Fnac";"direct_debit";"debit"
9829;"Purchase at Carrefour";2739,93;"2023-11-18 01:53:34";"Carrefour";"transfer";"credit"
9833;"Direct debit";-267,84;"2023-11-11 09:04:01";"TotalEnergies";"transfer";"debit"
9839;"Refund from Uber";962,84;"2023-11-07 07:55:34";"Uber";"payment";"credit"
9877;"Outgoing transfer";261,14;"2023-11-24 09:27:23";"RATP";"payment";"credit"
9879;"Direct debit";4134,94;"2023-11-01 09:15:46";"SFR";"payment";"credit"
9884;"Card expense at Lidl";-1558,78;"2023-11-17 02:18:09";"Lidl";"payment";"debit"
9929;"Purchase at SNCF";-458,54;"2023-11-02 10:47:37";"SNCF";"direct_debit";"debit"
9956;"Direct debit";-80,28;"2023-11-03 11:58:23";"La Poste";"direct_debit";"debit"
9979;"Outgoing transfer";1098,35;"2023-11-03 13:18:24";"Auchan";"transfer";"credit"
9982;"Purchase at Transilien";-385,02;"2023-11-23 22:07:58";"Transilien";"refund";"debit"
9984;"Subscription to TotalEnergies";4546,95;"2023-11-25 23:49:48";"TotalEnergies";"payment";"credit"
9987;"Purchase at Transilien";987,49;"2023-11-25 19:04:56";"Transilien";"payment";"credit"
9990;"Purchase at Fnac";-862,48;"2023-11-21 21:01:03";"Fnac";"refund";"debit"
9998;"Outgoing transfer";-1163,01;"2023-11-16 10:08:31";"Veolia";"payment";"debit"
